{"ts": [0.0, 0.066573756, 0.266998557, 0.400102702, 0.533411326, 0.733560109, 0.866736392, 1.000186204, 1.133435509, 1.266775098, 1.400123191, 1.534195003, 1.6667319109999998, 1.800023739, 1.933349167, 2.066869464, 2.199926329, 2.333285865, 2.466603216, 2.600120568, 2.733442851, 2.866712896, 3.000145703, 3.133534118, 3.266737446, 3.400180823, 3.533394898, 3.666954129, 3.8000944800000003, 3.933474605, 4.066691783, 4.200105477, 4.333320285, 4.466782214, 4.599982876, 4.733628715, 4.86677079, 5.06673558, 5.266734806, 5.466832042, 5.73352426, 6.000112782, 13.200128921], "ys": [[0.12784224249096204, 0.23665436805703413, 0.2573299691025627, -2.5565749566512235, -0.15481914547998724, 2.794455731051123, 1.304920008536371], [0.11998065390335053, 0.20101676445711422, 0.25608668986204447, -2.560043901061016, -0.15470277844313327, 2.792094711865233, 1.3024413204816774], [0.11862650618418223, 0.15908953571649187, 0.2554837278977845, -2.5724017476093124, -0.15473854789739877, 2.788362811616377, 1.2964878825156032], [0.11649535760500508, 0.12232359853193828, 0.2548951276388115, -2.5822216502459097, -0.1547169807506947, 2.779222309771705, 1.2840059770522954], [0.1105390662591112, 0.09251728409512279, 0.2532359248985978, -2.5871778469688587, -0.1547055623938359, 2.763132841276649, 1.2760429300911025], [0.09112191737779897, 0.06045024465687322, 0.2513123068502649, -2.5885473062569786, -0.15457161344249754, 2.707278793219407, 1.2511352739682082], [0.07584347000321286, 0.03718291138357669, 0.25055986076672504, -2.5894904780017267, -0.15407797048028193, 2.6928216481968597, 1.221616388870788], [0.059235081597450535, 0.007954764983847078, 0.24877555037835128, -2.595360842058231, -0.15245460567257577, 2.692610635463422, 1.188417944349186], [0.0420066391577908, -0.019434912560436984, 0.24247811299368133, -2.604201575326671, -0.15229127593400982, 2.6892835375182425, 1.1682264260520903], [0.02739616515849149, -0.039476058838278295, 0.232280870194993, -2.6114702301545356, -0.15222465412147645, 2.674997261089989, 1.1509125804762796], [0.013239423236537684, -0.05360112826756564, 0.22186599668539853, -2.6122851853464364, -0.15187907205535686, 2.6422923174229926, 1.1329819257108784], [0.0011423231890788888, -0.06728993140735956, 0.20908723709678642, -2.6123434262151006, -0.15083422625743767, 2.6189598950248403, 1.1046761964497058], [-0.011625351540756244, -0.08496742390579717, 0.1951913192916536, -2.6133714141644333, -0.14858230866927158, 2.6051224323137654, 1.071573707958472], [-0.019123547244130776, -0.10001596801108498, 0.18136259918845313, -2.615821786146367, -0.14601356094531948, 2.5956099733487052, 1.0450695259359841], [-0.02716985247286818, -0.12095051087662939, 0.15932613422394543, -2.619000033291952, -0.14002785784012733, 2.578796387880417, 1.0066710259911138], [-0.03485781807923199, -0.13811704669756453, 0.13514235374864, -2.6202395385504307, -0.11924157797561646, 2.5607345042526135, 0.9589645579979885], [-0.040390382403906425, -0.1514963164423405, 0.10872075581592508, -2.6197881552461872, -0.08904627210437495, 2.5509405767008593, 0.9019556141010309], [-0.0462248982477031, -0.1652747880923109, 0.07933361231909555, -2.6194378509937124, -0.07470975711238828, 2.539543286567594, 0.8414998736212164], [-0.057656342538742106, -0.1771291683522428, 0.04849532284247491, -2.6189593026318447, -0.0747150502269255, 2.523592065070592, 0.7948408268505224], [-0.07236144717199224, -0.1854074023036517, 0.01954911507024861, -2.6156823290560274, -0.07472178577268564, 2.5020509297368028, 0.7463618817997525], [-0.08705247219754164, -0.19123566302317746, -0.008260271286438971, -2.6071786079689407, -0.07473598657452626, 2.4802742806289184, 0.703497062914013], [-0.10368602815555344, -0.1933191444382847, -0.03497832155540058, -2.594391373071568, -0.07477918929224844, 2.460588543891697, 0.6604621823150781], [-0.12162525420281975, -0.19319762442448118, -0.060811774974037176, -2.5805533145448702, -0.07483579599818914, 2.44359514879576, 0.6121330839024999], [-0.13942190087919787, -0.19200813208967732, -0.08530050895191127, -2.567536911438316, -0.0749946370704077, 2.4237989128609043, 0.5651263521808345], [-0.15747392861333248, -0.18622247877130013, -0.10948797452878622, -2.5543442942552645, -0.07529410862452182, 2.41057710127537, 0.5216903853231049], [-0.1717006340688794, -0.1791890409870474, -0.12572013405338328, -2.546118079503598, -0.07571874330255675, 2.410507659732236, 0.48657889681418653], [-0.19040946040656845, -0.16420528449230398, -0.14584962084102082, -2.535740120657894, -0.07604495737536328, 2.4105675762552115, 0.4445039768303022], [-0.20807231140401763, -0.13855927249771668, -0.16395659891919726, -2.521964220631559, -0.0761231526621334, 2.4116417127601415, 0.41542927482470837], [-0.2244891699012145, -0.10646998981848968, -0.17813036522247372, -2.502748507955767, -0.07643816048070774, 2.4134735677857106, 0.3873217355034313], [-0.23799533718677965, -0.07124318418000795, -0.19132615095706348, -2.480988782052926, -0.07642784682176508, 2.4198202204735737, 0.3521334373212449], [-0.2511772232994532, -0.03521512852274219, -0.20265457496511324, -2.4630725669870372, -0.07638147348615094, 2.4394174154456794, 0.32552565066678896], [-0.2623390464012772, 0.0003055830353131711, -0.21290434998913463, -2.4561374685030377, -0.07637060399549082, 2.4827513485639323, 0.31719637208808504], [-0.27354738885370755, 0.03849649828919675, -0.21732869872300817, -2.4561187017780894, -0.07629610402274825, 2.539723216777645, 0.3154952256352106], [-0.2818661420107885, 0.08235315254145534, -0.21798608183295354, -2.454718687334603, -0.07499786779880391, 2.5891999012460545, 0.3154483139548653], [-0.28585395673226227, 0.1287097180877115, -0.217990366168959, -2.447501235591613, -0.07138039123127438, 2.636850717729085, 0.315479759572215], [-0.2879834965696384, 0.17023800645004364, -0.21795681362647468, -2.436474205029425, -0.05776141993173348, 2.6670733104928948, 0.3154651145108714], [-0.2881266804623139, 0.20042073880678135, -0.21772875259108868, -2.4234737629061955, -0.036018712019376176, 2.672381091023811, 0.31545832713844424], [-0.2877693958655239, 0.22863619093180415, -0.21382142900226475, -2.416249217868455, -0.009251547686344931, 2.672370399977123, 0.31342328763354843], [-0.28682298082950913, 0.26024245913711186, -0.1996151603974432, -2.404157529301245, 0.014934835028616854, 2.6723976402671474, 0.29573212863454656], [-0.28686524657731416, 0.28967347295766854, -0.1918904910731538, -2.3893741154858033, 0.03480754777363951, 2.673959110925726, 0.2573503259476514], [-0.2891662653970708, 0.3256051269713024, -0.1912388540200029, -2.378870315780327, 0.08053916824292921, 2.7111808569119775, 0.19584689170877934], [-0.28913426884256804, 0.36448215622640834, -0.19092731557797304, -2.3703634993029405, 0.09957987698308547, 2.7463817533255424, 0.18869559992690565], [-0.28875436560132484, 0.38542258544004754, -0.19056789198789195, -2.3547589431338602, 0.10798329291332932, 2.7565591107068292, 0.18870746636113822]],