{"ts": [0.0, 0.066653576, 0.266634392, 0.399979247, 0.533412738, 0.666741496, 0.800180599, 0.933316277, 1.066658255, 1.199837564, 1.333239836, 1.466640745, 1.600040864, 1.733304975, 1.866830079, 2.000082393, 2.133468574, 2.266686807, 2.399906493, 2.533314975, 2.666809084, 2.7999046610000002, 2.933276857, 3.066667123, 3.199980186, 3.333277933, 3.466700677, 3.599987542, 3.80009952, 4.000002224, 4.133292876, 4.266616049, 4.400123435, 4.599969015, 4.80003046, 4.933228867, 5.066678299, 5.199975322, 5.333461454, 5.466594335, 5.666606115, 5.86664086, 6.06669023, 6.466744536, 8.200070082, 14.86779032], "ys": [[-0.0877431867863888, -0.9711614429105745, 0.049920746692320446, -2.5958598514261113, 0.0471528059695028, 1.6002618134793525, 0.7449017914211422], [-0.11424419992272096, -0.9530258979083343, 0.03376914202818788, -2.5941096657878577, 0.035802028966685336, 1.602240919707797, 0.7447468597112706], [-0.13399038422206885, -0.9343109081844038, 0.019672303508820536, -2.5913345034184156, 0.016762448062115402, 1.6117179522951788, 0.7443910685314953], [-0.15319453447398568, -0.9216513498091894, 0.006046678772210745, -2.5901122374291545, -0.003173176398100441, 1.6270327141195122, 0.7443810954538579], [-0.17498652938363476, -0.9094247841791919, -0.01405202439433159, -2.5901400458346346, -0.006233873346599104, 1.6438797354696824, 0.7429755225087781], [-0.19475602026655017, -0.8997573429053621, -0.03942477121490847, -2.590083531108692, -0.007720905438820097, 1.6480758580320403, 0.7269479779380396], [-0.21324034411764123, -0.8872263005885453, -0.06490253325958446, -2.59004548416319, -0.023155263758815443, 1.6555261135037052, 0.707332334356761], [-0.22759888500738001, -0.8711709901148948, -0.08734843135622766, -2.5900748536202323, -0.049271421266621616, 1.6694957836430344, 0.6863870004288779], [-0.2375008378388734, -0.8538630127415807, -0.10996089452636863, -2.59018497964645, -0.07013164152572109, 1.683700471774829, 0.6627603477027169], [-0.24398267743229599, -0.8405329395848119, -0.12751019969244617, -2.590355476406151, -0.08423065316763921, 1.6969708884153296, 0.6396929312287171], [-0.25208259078430034, -0.8190347670997281, -0.1532485654215699, -2.590900467759431, -0.09730883404561194, 1.7212273354877512, 0.6073441023710328], [-0.25993169067652105, -0.7917604151107124, -0.17990749377036835, -2.5908744391266136, -0.1205944232347367, 1.753040968498023, 0.5795996048160228], [-0.26828922192391, -0.7595303001476533, -0.20407367330574713, -2.590855378938001, -0.15767084831619252, 1.7948282396184827, 0.5575852076297427], [-0.27541904159367137, -0.7258700056684597, -0.2285355027942362, -2.590594897196253, -0.1756855094095763, 1.839245232595003, 0.5316499883909186], [-0.28102644909310126, -0.6914016552712988, -0.25581787944759354, -2.5904455159447695, -0.17656597081915545, 1.885132798732773, 0.496411868335685], [-0.284206946932937, -0.6521518330582865, -0.2854534352981771, -2.589768187741359, -0.17768782632893435, 1.9379553570912658, 0.4551831407630146], [-0.28788859634836017, -0.6065141423033754, -0.312927015880081, -2.5859049429781145, -0.18757122109652774, 1.9863544096739878, 0.4185030927219056], [-0.2922478209389513, -0.5562131262994562, -0.3351914407847916, -2.576370082786868, -0.2022026690751233, 2.0297407540177392, 0.38655404529419013], [-0.29603192469002276, -0.504050171964138, -0.35566512657706195, -2.562519108230191, -0.2044746806616561, 2.070591948068924, 0.3517076319354816], [-0.29753668752191176, -0.45318074395800734, -0.3761246383475248, -2.545774130445287, -0.2044460251122343, 2.109979201815454, 0.3126874545623973], [-0.2976254562335751, -0.40269616417452997, -0.396843342629651, -2.528285633464602, -0.20421391524039184, 2.148783550161559, 0.2778715727164008], [-0.29759795127178407, -0.35239593173926786, -0.4154750300801549, -2.5122933936009666, -0.20271493863836113, 2.188476422234637, 0.252397741900959], [-0.2975934977799873, -0.31707853684570325, -0.4268312916149241, -2.5017610082235033, -0.20040435183186775, 2.217347471442073, 0.2347988063961749], [-0.2975800419355051, -0.27387226377820223, -0.44015790192896526, -2.489944369669127, -0.19427577850365976, 2.254431844925008, 0.21030834162493015], [-0.29757780100804043, -0.23445113715571003, -0.4521567871230768, -2.4791738176699285, -0.18246177018697304, 2.2894209293147036, 0.18558077316562296], [-0.2975704292954555, -0.19736504896558693, -0.46292684332822964, -2.4684799935688986, -0.1578645539690205, 2.3200494967102667, 0.15540842118038395], [-0.2975721361993496, -0.16083765561048913, -0.4693663044385044, -2.456513013079425, -0.1247727290938843, 2.3352256535459786, 0.11820102533991132], [-0.2975867812972636, -0.12408393501331513, -0.4729380115228459, -2.4422428058434154, -0.09812614065550074, 2.3424122450519493, 0.08531850120299948], [-0.2976199140436829, -0.07310125134209487, -0.4786672703845856, -2.4194503843072073, -0.08315186551635899, 2.3651768930790498, 0.06478083936429865], [-0.2976453908428733, -0.022303373835095505, -0.48044364103375053, -2.400014371585176, -0.06107402175342183, 2.3914098310794274, 0.04661899343952828], [-0.2976973156536774, 0.012041326064942034, -0.48050756499580277, -2.3892163317680613, -0.03794552363638765, 2.4094559759940535, 0.02947119796065121], [-0.29780472542805764, 0.04668572192550518, -0.480518518483097, -2.3785052920150265, -0.007602323504800795, 2.4298271449658677, 0.009281817596467692], [-0.2978255998421896, 0.08050987861227224, -0.4804819510367129, -2.365589101573897, 0.01544691106104775, 2.4426950773781897, -0.010676696026997457], [-0.2978313635758694, 0.13060752910487397, -0.4795116028792463, -2.3437232003728155, 0.05018516184322253, 2.4607546181004483, -0.032450632584075045], [-0.2971980335170249, 0.17070512728525838, -0.4760013468446206, -2.3269565559776773, 0.0836052582023939, 2.4699332167859445, -0.052069519402897245], [-0.29716525207562905, 0.20302919733767893, -0.47297223773151115, -2.3132622009502173, 0.10860161909516701, 2.473003108666192, -0.06580935319571443], [-0.2970745633005465, 0.23465979078885296, -0.4674863642329009, -2.299362622040731, 0.13494921446487293, 2.4802756486281656, -0.0761551427282889], [-0.296989834093877, 0.26512903042060193, -0.4606980601265639, -2.2887421577881595, 0.16099697633935542, 2.4926314429111476, -0.0924732539924761], [-0.2969703260790958, 0.2936642875784494, -0.4525303252124208, -2.2806639763982646, 0.1954784228839509, 2.509993918164908, -0.10618176859323838], [-0.2969923932814893, 0.32009227224039183, -0.44284563509819036, -2.2712703815179376, 0.21684944200663553, 2.518872332215841, -0.11005517372750803], [-0.29702045976174496, 0.3590802230775366, -0.42943822250790414, -2.254997635451473, 0.2426206816776527, 2.5464329413221956, -0.11020290318233747], [-0.29728827546933023, 0.3967243695306286, -0.41681807745654065, -2.237864326071569, 0.2621239475336914, 2.5669345766418643, -0.11039990006126209], [-0.29733302104648374, 0.41885017047027295, -0.4052478927801211, -2.2250249864222846, 0.28490884210846884, 2.5704423824278786, -0.12479427252885449], [-0.29764193860721544, 0.446554273224143, -0.391189644942173, -2.208073918891947, 0.30904470016842817, 2.5714208592918824, -0.13852885515894314], [-0.30117203970930384, 0.4745080591094424, -0.3834267133301232, -2.1848335829224745, 0.3248644567269749, 2.5866401082758688, -0.14296171625332213], [-0.30110388279505285, 0.4740783850876788, -0.3839258956109431, -2.18324446068031, 0.3246959646627209, 2.586543563549019, -0.14294169633139955]],