{"ts": [0.0, 0.066946202, 0.333373493, 0.600049444, 0.866757122, 1.066575896, 1.266762365, 1.400027875, 1.599986993, 1.8000336959999998, 2.000112103, 2.200227163, 2.400018366, 2.600073985, 2.733486943, 2.86720884, 3.000175988, 3.133578624, 3.266778139, 3.466707295, 3.666772971, 3.800043756, 3.999985099, 4.133250415, 4.266741005, 4.400145292, 4.533434141, 4.666733079, 4.799986114, 4.933380193, 5.133333835, 5.333424616, 5.533409772, 5.733357697, 5.86657252, 6.00003778, 6.200199203, 6.400048073, 6.599968803, 6.799916546, 7.000191213, 7.133456288, 7.333300336, 7.600183911, 7.866707129, 8.066683923, 8.333362015, 8.733360107, 36.000138891], "ys": [[0.0011385407904613938, -0.7871707646251335, -0.00019254850346175987, -2.365089569532009, 0.0021094554109184253, 1.5598709560043107, 0.7661950917758301], [0.005013737142156685, -0.7642730487869593, 0.021844603166472933, -2.3671748920274855, 0.0018636629573047943, 1.5698164615731258, 0.7658201738493505], [0.005027826159594008, -0.7490378698161467, 0.044689438061941894, -2.368665366358448, 0.0028507644450125194, 1.582651407543443, 0.7682403609868803], [0.005115404349521978, -0.7312611307309838, 0.06697655923960989, -2.370374681921048, 0.009710836311769295, 1.6157326266171788, 0.7740722244092322], [0.005211830473490736, -0.7169437060308557, 0.08636195270486348, -2.3744443773935666, 0.04384381096322868, 1.6222899628865581, 0.78655003890845], [0.005318837839788613, -0.6992763703268018, 0.10359135278128326, -2.377343636482041, 0.050548179246053294, 1.6473146008289425, 0.7883093011236203], [0.008007926995987317, -0.683043880753186, 0.12442469463402121, -2.3877126040926218, 0.0536717297546627, 1.6802111515016926, 0.8003995338519879], [0.012049693207666117, -0.6721903852749128, 0.13887817947885775, -2.3952037920443052, 0.06047291859799442, 1.7060773925525154, 0.8097784173080527], [0.01734611280883006, -0.6573072629567152, 0.15915760120915717, -2.3996459717359975, 0.08166214962613257, 1.7298439959109315, 0.8192688832523347], [0.026158964745886068, -0.6413964648508124, 0.17612720974346285, -2.399711918731735, 0.08807403988612783, 1.7492890457554835, 0.8406308631765711], [0.04005935014781254, -0.6277049033415322, 0.19293108097615466, -2.3996992788029354, 0.08936790093882428, 1.7688181486581516, 0.8606619842204483], [0.0557383584258114, -0.61440573206755, 0.20891579861662712, -2.3996933119083024, 0.0970179120549662, 1.787163429149968, 0.8891460134859503], [0.06834975199678078, -0.6017574808564571, 0.22184468758277776, -2.399839596975201, 0.10672366427012864, 1.8021317086753947, 0.9077479110343997], [0.08573454972615228, -0.5796449843177177, 0.23423059432579144, -2.399975819766423, 0.11121113955353505, 1.8169749801135506, 0.9382687808429094], [0.09481012844078508, -0.561255895611989, 0.24358151906310918, -2.4005257166073406, 0.11177693344216674, 1.835131546061725, 0.9582104099110353], [0.10484480291785665, -0.5413649405087196, 0.2527275721182844, -2.4013155866730362, 0.1122970001735073, 1.8544069886335184, 0.9748677002663764], [0.11409440286495746, -0.5215110598527838, 0.2612523598320287, -2.4020121968606407, 0.11340994637882536, 1.875000323290698, 0.9889315649312662], [0.12222127951445423, -0.5012266636549144, 0.2689597584592843, -2.4024806456647494, 0.11561041643572563, 1.8963047889985267, 1.0011780916561615], [0.13263367561008166, -0.4801171602287728, 0.27357611464085546, -2.4026956480957495, 0.11807677218281755, 1.9180651235113348, 1.0076539991700009], [0.14670980295109962, -0.44816376956474396, 0.2783526699413746, -2.4028140123637822, 0.11988169451178016, 1.9498356658891303, 1.0195452555210682], [0.15850406859284788, -0.4145875770077868, 0.28441825487586725, -2.4029740606268115, 0.11996078361371122, 1.9800358573552215, 1.0447105575121605], [0.16360573092030048, -0.3927280473412708, 0.29380013809386707, -2.403027878425115, 0.11996106169920796, 2.0040844698296194, 1.0632039568050646], [0.16692426364651433, -0.3669056180871608, 0.3105223411801009, -2.403495995674289, 0.11995081088481047, 2.024847742231752, 1.1016417079822065], [0.16733181481290138, -0.34609176444036677, 0.3267102564272634, -2.404443048042046, 0.11993472322368436, 2.048913445875258, 1.1311455865417614], [0.16900139132049988, -0.32650576992590097, 0.3430041343991945, -2.4080553029352614, 0.11991847497841802, 2.0797722762230224, 1.1565623580174873], [0.17023336325453073, -0.3084901934892079, 0.35981290508673336, -2.41500434626854, 0.1199066146857901, 2.112454704047071, 1.1748386511162603], [0.1703046885817016, -0.29115365152662065, 0.3737058764281575, -2.4239108124949573, 0.11989368490755231, 2.1428818266949725, 1.189716686264085], [0.17047341755606757, -0.2738398668020326, 0.38502197502063346, -2.4354733948247396, 0.11986546558606291, 2.1721827812965473, 1.2014367332564349], [0.1704703273806779, -0.2563077038592399, 0.3928644239191932, -2.4480588492848776, 0.11983877228312302, 2.204824501754071, 1.2061223435165298], [0.17046734615985495, -0.23804879770394982, 0.3981861899314559, -2.4599180573736463, 0.11978848726893009, 2.2401457666646625, 1.2122589897486151], [0.1704626759950346, -0.20844936969444072, 0.40145625760669523, -2.4708447298560325, 0.11951126314999204, 2.2809944739875427, 1.234447678843147], [0.17045962290433583, -0.17710001802520375, 0.40274010902090784, -2.4714380073577353, 0.11927242039774869, 2.3019437595145034, 1.2635081336289027], [0.16971938242550955, -0.1464374040062266, 0.4026249857054652, -2.471545978145978, 0.11793122306669229, 2.336567028581545, 1.2819869842625407], [0.16803039547637386, -0.11637044920929829, 0.40128368153100463, -2.47298862603783, 0.11616865610223939, 2.3684383945141136, 1.2819849489313344], [0.16497063909856902, -0.08874846156421387, 0.3995783490656733, -2.4738267091110044, 0.11355838303170529, 2.3946903060962, 1.2819719775001797], [0.16129662396141584, -0.06164166805956201, 0.3986127132051226, -2.474932841718649, 0.11041573493029343, 2.4202352089436014, 1.2819396173548177], [0.15592055676270686, -0.02926528371858561, 0.3973398676875001, -2.476638524314685, 0.09583234982528717, 2.45690611126046, 1.2818562948916032], [0.14812429696216386, -0.008811015051906429, 0.3944628470036382, -2.482964307293583, 0.05559241767416315, 2.472085030296179, 1.281958941864543], [0.1389032459006356, 0.007188207359699614, 0.3898992675909401, -2.4930754129987798, 0.02878890640163963, 2.487403677868078, 1.2822866198955145], [0.1325279652652091, 0.03058738266426993, 0.3865309946646868, -2.508245727949852, 0.009709086039033433, 2.5379038562712943, 1.28424433882713], [0.12694112734702295, 0.06534528911487206, 0.38288430297204656, -2.524413236009009, -0.010323734285521946, 2.6027694625013003, 1.2846325423572644], [0.12494165575752053, 0.08918920876362908, 0.37734356627706805, -2.5322268855719656, -0.024168972082755192, 2.642079676506528, 1.2846373108648494], [0.12494602260800003, 0.1141976246866724, 0.3650646825139248, -2.5375227551860013, -0.04663918953531365, 2.663140889013173, 1.2847954999710212], [0.12501085177738683, 0.14065230082366958, 0.3477838776633445, -2.5432936589087487, -0.06347246914863984, 2.687910304134687, 1.2848166647315657], [0.12503486260923777, 0.16758583031503574, 0.3270616425722173, -2.5473383005187085, -0.08573842191169985, 2.709657670105092, 1.2848299898001847], [0.1251568151412927, 0.1894805665195551, 0.310136187025802, -2.5473424591971647, -0.10314765688184346, 2.7285813275384534, 1.2848138995708487], [0.12535326237650257, 0.2183057573125714, 0.29543271116061237, -2.54734534528317, -0.12263287841417805, 2.759815752865062, 1.2847895773346976], [0.12551896002641744, 0.23535457112063782, 0.2792183181223409, -2.547556173420255, -0.1319512138748433, 2.767139932476504, 1.284807773538693], [0.1278481249200032, 0.23665080887258846, 0.2573278698097627, -2.5565756794282186, -0.15481896156356006, 2.7944548653156174, 1.30492043912439]],